,precision,recall,f1-score,support
gatekeeping,0.8481012658227848,0.8933333333333333,0.8701298701298702,75.0
gatesopencomeonin,0.8873239436619719,0.84,0.863013698630137,75.0
accuracy,0.8666666666666667,0.8666666666666667,0.8666666666666667,0.8666666666666667
macro avg,0.8677126047423783,0.8666666666666667,0.8665717843800036,150.0
weighted avg,0.8677126047423782,0.8666666666666667,0.8665717843800036,150.0
